Condition,Playlist
Aggressive,18
Morning,26
Travelling Time,32
Travelling Time,32
Night,29
Morning,26
Tired & Sleepy,9
Aggressive,40
Morning,26
Lazy & Nervous,38
Travelling Time,32
Morning,26
Tea Time,24
Aggressive,18
Normal,3
Evening,30
Travelling Time,32
Evening,31
Aggressive,19
Normal,4
Tea Time,25
Normal,2
Travelling Time,32
Morning,27
Rainy,22
Tea Time,25
Normal,3
Normal,2
Aggressive,19
Lazy & Nervous,12
Night,29
Morning,26
Morning,26
Tired & Sleepy,8
Rainy,21
Travelling Time,32
Aggressive,40
Travelling Time,32
Evening,30
Travelling Time,32
Aggressive,18
Travelling Time,32
Tea Time,25
Tea Time,25
Travelling Time,32
Travelling Time,32
Tired & Sleepy,8
Night,29
Morning,27
Tired & Sleepy,36
Evening,31
Travelling Time,32
Morning,27
Travelling Time,32
Aggressive,20
Tea Time,24
Night,28
Lazy & Nervous,15
Night,28
Aggressive,19
Morning,26
Tired & Sleepy,9
Rainy,22
Evening,31
Aggressive,17
Tired & Sleepy,9
Tea Time,25
Normal,2
Tired & Sleepy,6
Rainy,21
Normal,4
Lazy & Nervous,12
Tea Time,25
Tired & Sleepy,6
Normal,34
Aggressive,40
Travelling Time,32
Lazy & Nervous,12
Morning,27
Lazy & Nervous,15
Normal,33
Travelling Time,32
Tea Time,24
Rainy,21
Night,28
Normal,3
Rainy,21
Tired & Sleepy,35
Rainy,23
Morning,27
Evening,31
Morning,26
Evening,30
Rainy,22
Tea Time,24
Aggressive,40
Evening,30
Travelling Time,32
Evening,31
Evening,31
Rainy,23
Morning,26
Normal,2
Tired & Sleepy,8
Normal,3
Evening,30
Aggressive,19
Aggressive,20
Evening,30
Morning,26
Travelling Time,32
Normal,5
Night,29
Evening,30
Morning,27
Tired & Sleepy,10
Tired & Sleepy,7
Evening,30
Evening,30
Evening,31
Night,29
Tea Time,24
Aggressive,18
Normal,1
Lazy & Nervous,15
Normal,1
Normal,34
Lazy & Nervous,13
Evening,30
Tired & Sleepy,36
Rainy,21
Tired & Sleepy,9
Aggressive,40
Morning,26
Tea Time,24
Evening,31
Travelling Time,32
Tea Time,25
Travelling Time,32
Travelling Time,32
Aggressive,16
Travelling Time,32
Tea Time,25
Evening,30
Morning,27
Travelling Time,32
Normal,5
Evening,31
Aggressive,16
Normal,5
Lazy & Nervous,11
Rainy,21
Tired & Sleepy,7
Lazy & Nervous,14
Rainy,21
Aggressive,16
Aggressive,18
Tired & Sleepy,6
Tired & Sleepy,36
Morning,26
Tired & Sleepy,36
Morning,26
Rainy,21
Lazy & Nervous,13
Morning,26
Tired & Sleepy,6
Tea Time,25
Aggressive,39
Normal,4
Morning,26
Night,29
Lazy & Nervous,12
Normal,2
Night,28
Rainy,23
Lazy & Nervous,15
Tea Time,24
Night,29
Night,28
Aggressive,16
Morning,27
Evening,31
Lazy & Nervous,15
Rainy,23
Tired & Sleepy,7
Travelling Time,32
Rainy,23
Night,29
Normal,1
Morning,26
Evening,30
Morning,26
Tired & Sleepy,10
Lazy & Nervous,11
Morning,27
Night,28
Night,29
Normal,4
Travelling Time,32
Evening,31
Normal,33
Tired & Sleepy,35
Travelling Time,32
Tea Time,25
Night,29
Evening,30
Tea Time,25
Tea Time,25
Tired & Sleepy,36
Normal,33
Aggressive,17
Tired & Sleepy,7
Rainy,21
Evening,31
Normal,33
Tired & Sleepy,8
Rainy,21
Tired & Sleepy,36
Normal,5
Lazy & Nervous,38
Aggressive,18
Normal,1
Travelling Time,32
Evening,30
Night,28
Lazy & Nervous,15
Aggressive,19
Aggressive,40
Tea Time,24
Evening,30
Evening,30
Lazy & Nervous,12
Lazy & Nervous,37
Rainy,22
Rainy,23
Rainy,23
Rainy,22
Rainy,22
Tired & Sleepy,9
Lazy & Nervous,14
Night,28
Travelling Time,32
Lazy & Nervous,38
Night,28
Rainy,22
Night,29
Lazy & Nervous,14
Night,29
Travelling Time,32
Morning,27
Normal,5
Morning,27
Night,29
Lazy & Nervous,14
Tired & Sleepy,7
Night,28
Lazy & Nervous,11
Morning,26
Tired & Sleepy,10
Normal,1
Lazy & Nervous,15
Aggressive,19
Tea Time,24
Tea Time,24
Tired & Sleepy,35
Lazy & Nervous,14
Morning,27
Aggressive,20
Tea Time,24
Normal,5
Rainy,21
Evening,31
Travelling Time,32
Rainy,21
Evening,30
Morning,26
Tea Time,24
Rainy,23
Aggressive,39
Night,28
Tired & Sleepy,10
Rainy,23
Normal,33
Lazy & Nervous,38
Tired & Sleepy,8
Aggressive,16
Night,29
Night,28
Evening,30
Rainy,22
Aggressive,39
Tea Time,24
Rainy,23
Tired & Sleepy,8
Lazy & Nervous,37
Night,28
Normal,4
Travelling Time,32
Tea Time,24
Aggressive,17
Aggressive,40
Night,29
Travelling Time,32
Aggressive,20
Travelling Time,32
Travelling Time,32
Rainy,21
Evening,30
Rainy,21
Tea Time,25
Lazy & Nervous,38
Rainy,21
Rainy,21
Lazy & Nervous,11
Rainy,23
Evening,30
Travelling Time,32
Lazy & Nervous,37
Evening,30
Aggressive,20
Tea Time,24
Night,28
Normal,1
Normal,33
Tired & Sleepy,8
Tea Time,25
Evening,30
Lazy & Nervous,37
Rainy,23
Rainy,21
Lazy & Nervous,37
Tea Time,24
Normal,5
Tea Time,24
Tired & Sleepy,6
Travelling Time,32
Lazy & Nervous,14
Night,28
Lazy & Nervous,12
Rainy,22
Aggressive,18
Normal,5
Rainy,22
Tea Time,25
Evening,31
Tea Time,24
Tea Time,25
Aggressive,17
Evening,30
Rainy,22
Evening,30
Evening,30
Morning,27
Aggressive,16
Tea Time,25
Morning,26
Rainy,22
Night,29
Travelling Time,32
Aggressive,17
Travelling Time,32
Morning,27
Lazy & Nervous,13
Evening,30
Tea Time,25
Travelling Time,32
Tea Time,24
Aggressive,40
Rainy,22
Night,28
Rainy,23
Normal,33
Night,28
Tired & Sleepy,8
Tea Time,24
Tired & Sleepy,6
Evening,30
Morning,26
Tired & Sleepy,7
Night,28
Tired & Sleepy,8
Morning,27
Night,29
Aggressive,16
Night,29
Tea Time,24
Morning,26
Normal,3
Normal,1
Tea Time,25
Night,28
Tea Time,25
Evening,30
Travelling Time,32
Evening,30
Rainy,22
Aggressive,39
Aggressive,19
Aggressive,20
Evening,30
Tea Time,25
Tea Time,24
Aggressive,39
Aggressive,19
Aggressive,19
Tired & Sleepy,6
Tea Time,24
Tea Time,24
Tea Time,25
Lazy & Nervous,38
Travelling Time,32
Night,28
Evening,31
Night,29
Lazy & Nervous,13
Normal,5
Aggressive,16
Travelling Time,32
Aggressive,39
Evening,31
Lazy & Nervous,14
Travelling Time,32
Normal,2
Night,29
Night,29
Tea Time,24
Aggressive,17
Normal,1
Morning,26
Morning,26
Evening,31
Tired & Sleepy,6
Night,28
Lazy & Nervous,13
Normal,1
Tired & Sleepy,7
Tea Time,25
Tired & Sleepy,8
Travelling Time,32
Travelling Time,32
Morning,26
Travelling Time,32
Night,29
Travelling Time,32
Morning,27
Travelling Time,32
Rainy,22
Aggressive,17
Travelling Time,32
Morning,27
Morning,26
Aggressive,16
Tired & Sleepy,35
Morning,26
Aggressive,16
Lazy & Nervous,38
Evening,30
Tea Time,25
Travelling Time,32
Evening,31
Morning,27
Lazy & Nervous,15
Travelling Time,32
Normal,4
Evening,31
Normal,34
Tired & Sleepy,6
Aggressive,40
Tired & Sleepy,7
Travelling Time,32
Travelling Time,32
Rainy,23
Lazy & Nervous,15
Evening,30
Tea Time,24
Morning,27
Rainy,23
Night,28
Normal,34
Evening,30
Aggressive,40
Evening,31
Night,29
Travelling Time,32
Rainy,22
Travelling Time,32
Normal,1
Lazy & Nervous,11
Aggressive,39
Tired & Sleepy,6
Evening,30
Travelling Time,32
Tired & Sleepy,7
Morning,26
Night,28
Normal,3
Lazy & Nervous,15
Tea Time,24
Rainy,22
Normal,1
Aggressive,16
Evening,31
Lazy & Nervous,14
Lazy & Nervous,14
Travelling Time,32
Night,28
Tea Time,25
Aggressive,16
Travelling Time,32
Tired & Sleepy,9
Night,28
Tea Time,25
Morning,27
Rainy,23
Evening,30
Aggressive,18
Rainy,23
Night,28
Normal,3
Evening,31
Normal,4
Travelling Time,32
Evening,30
Morning,26
Aggressive,20
Rainy,22
Night,28
Rainy,23
Normal,5
Morning,27
Night,29
Lazy & Nervous,11
Aggressive,16
Rainy,23
Normal,34
Night,28
Morning,26
Rainy,21
Lazy & Nervous,12
Rainy,23
Evening,30
Evening,31
Normal,5
Night,29
Tea Time,24
Tired & Sleepy,10
Morning,27
Tea Time,25
Evening,30
Aggressive,17
Night,29
Tired & Sleepy,6
Tea Time,25
Night,29
Night,29
Rainy,23
Tired & Sleepy,7
Morning,26
Evening,30
Lazy & Nervous,14
Morning,26
Night,29
Evening,30
Travelling Time,32
Tired & Sleepy,10
Lazy & Nervous,38
Normal,2
Tired & Sleepy,9
Lazy & Nervous,11
Rainy,22
Tea Time,24
Night,29
Aggressive,19
Night,28
Tea Time,24
Lazy & Nervous,38
Lazy & Nervous,38
Evening,30
Tea Time,25
Lazy & Nervous,13
Night,29
Lazy & Nervous,11
Travelling Time,32
Travelling Time,32
Tired & Sleepy,6
Normal,34
Tea Time,25
Aggressive,20
Tea Time,24
Aggressive,19
Evening,30
Tired & Sleepy,35
Tea Time,25
Normal,2
Evening,31
Lazy & Nervous,38
Rainy,22
Travelling Time,32
Morning,27
Tea Time,25
Evening,30
Aggressive,18
Normal,1
Lazy & Nervous,14
Tea Time,24
Tired & Sleepy,10
Morning,27
Normal,2
Tired & Sleepy,36
Evening,31
Evening,30
Tired & Sleepy,36
Normal,4
Evening,30
Morning,26
Aggressive,17
Aggressive,40
Normal,1
Normal,3
Rainy,23
Night,28
Evening,30
Night,29
Lazy & Nervous,37
Evening,30
Night,29
Tea Time,24
Aggressive,40
Normal,1
Normal,4
Tea Time,24
Night,29
Evening,30
Tea Time,25
Evening,31
Rainy,22
Tea Time,25
Aggressive,17
Travelling Time,32
Travelling Time,32
Night,28
Tired & Sleepy,6
Tea Time,24
Normal,3
Morning,27
Rainy,21
Lazy & Nervous,11
Evening,30
Tea Time,25
Tired & Sleepy,6
Rainy,23
Night,29
Aggressive,18
Lazy & Nervous,15
Rainy,21
Evening,30
Night,29
Lazy & Nervous,14
Normal,1
Travelling Time,32
Tea Time,24
Tea Time,24
Evening,31
Normal,33
Morning,27
Evening,30
Travelling Time,32
Tired & Sleepy,7
Night,28
Tired & Sleepy,9
Normal,33
Morning,26
Tea Time,24
Normal,3
Rainy,21
Lazy & Nervous,14
Lazy & Nervous,14
Tired & Sleepy,7
Travelling Time,32
Tea Time,25
Normal,5
Evening,30
Tired & Sleepy,35
Evening,31
Normal,5
Travelling Time,32
Normal,5
Normal,2
Tea Time,24
Travelling Time,32
Aggressive,39
Tired & Sleepy,36
Morning,26
Night,29
Evening,30
Aggressive,40
Rainy,23
Night,28
Normal,4
Lazy & Nervous,37
Night,28
Travelling Time,32
Travelling Time,32
Night,29
Rainy,21
Morning,26
Rainy,23
Lazy & Nervous,38
Normal,3
Night,29
Normal,34
Lazy & Nervous,11
Night,29
Tired & Sleepy,36
Night,28
Normal,33
Night,28
Normal,2
Tea Time,24
Normal,3
Evening,31
Aggressive,18
Travelling Time,32
Morning,26
Aggressive,18
Normal,1
Morning,27
Normal,33
Morning,27
Evening,30
Night,28
Travelling Time,32
Lazy & Nervous,13
Rainy,23
Night,29
Tea Time,24
Normal,4
Travelling Time,32
Morning,27
Travelling Time,32
Morning,27
Aggressive,16
Lazy & Nervous,11
Evening,30
Rainy,21
Travelling Time,32
Tired & Sleepy,6
Evening,30
Evening,31
Evening,30
Rainy,23
Lazy & Nervous,37
Evening,31
Evening,30
Rainy,23
Tea Time,25
Tea Time,25
Normal,4
Rainy,22
Travelling Time,32
Lazy & Nervous,12
Morning,26
Night,29
Tired & Sleepy,7
Tired & Sleepy,9
Morning,27
Rainy,23
Rainy,21
Travelling Time,32
Normal,33
Aggressive,16
Normal,2
Evening,30
Aggressive,40
Lazy & Nervous,14
Tea Time,25
Aggressive,39
Rainy,22
Morning,26
Lazy & Nervous,12
Lazy & Nervous,12
Normal,2
Tired & Sleepy,8
Evening,30
Rainy,23
Lazy & Nervous,14
Evening,30
Normal,5
Evening,30
Rainy,22
Aggressive,19
Tired & Sleepy,10
Normal,4
Lazy & Nervous,37
Lazy & Nervous,14
Lazy & Nervous,15
Morning,27
Evening,31
Rainy,21
Lazy & Nervous,12
Tea Time,25
Night,29
Tea Time,24
Night,29
Rainy,22
Night,29
Travelling Time,32
Travelling Time,32
Normal,2
Travelling Time,32
Morning,26
Tired & Sleepy,9
Aggressive,40
Tired & Sleepy,7
Tea Time,24
Travelling Time,32
Lazy & Nervous,11
Tea Time,24
Tea Time,25
Morning,26
Rainy,23
Travelling Time,32
Evening,30
Rainy,23
Tired & Sleepy,10
Normal,2
Evening,30
Night,28
Tired & Sleepy,36
Rainy,23
Evening,30
Night,29
Normal,33
Travelling Time,32
Night,29
Tea Time,24
Tea Time,24
Travelling Time,32
Rainy,22
Lazy & Nervous,38
Travelling Time,32
Tired & Sleepy,36
Morning,27
Travelling Time,32
Travelling Time,32
Tired & Sleepy,8
Normal,2
Tea Time,25
Evening,30
Normal,1
Aggressive,39
Evening,31
Morning,27
Lazy & Nervous,37
Lazy & Nervous,37
Morning,27
Evening,31
Travelling Time,32
Morning,27
Aggressive,39
Tea Time,24
Tired & Sleepy,10
Morning,26
Lazy & Nervous,15
Normal,2
Rainy,22
Evening,31
Rainy,22
Evening,30
Tea Time,24
Lazy & Nervous,13
Tired & Sleepy,10
Evening,31
Normal,33
Tired & Sleepy,36
Tea Time,24
Tired & Sleepy,6
Tired & Sleepy,6
Rainy,23
Night,28
Evening,31
Normal,3
Morning,26
Normal,2
Rainy,23
Tired & Sleepy,9
Evening,31
Normal,5
Night,29
Tired & Sleepy,35
Tired & Sleepy,9
Travelling Time,32
Evening,31
Evening,31
Morning,26
Tired & Sleepy,8
Tired & Sleepy,36
Rainy,21
Normal,3
Tired & Sleepy,36
Tea Time,25
Evening,30
Rainy,21
Morning,27
Tea Time,24
Normal,5
Night,29
Morning,26
Normal,2
Aggressive,17
Lazy & Nervous,14
Normal,5
Night,29
Tired & Sleepy,8
Tired & Sleepy,35
Night,28
Tea Time,24
Normal,5
Lazy & Nervous,15
Aggressive,39
Lazy & Nervous,15
Morning,27
Lazy & Nervous,38
Travelling Time,32
Morning,27
Travelling Time,32
Tired & Sleepy,6
Tea Time,25
Normal,2
Evening,31
Normal,33
Rainy,22
Normal,5
Night,28
Lazy & Nervous,37
Aggressive,39
Tired & Sleepy,7
Tea Time,24
Normal,34
Morning,27
Lazy & Nervous,11
Tea Time,24
Tired & Sleepy,36
Evening,31
Travelling Time,32
Lazy & Nervous,37
Normal,5
Morning,27
Evening,31
Evening,30
Tired & Sleepy,7
Tired & Sleepy,10
Normal,3
Morning,27
Evening,31
Aggressive,17
Lazy & Nervous,14
Night,29
Morning,26
Aggressive,19
Evening,30
Morning,27
Morning,27
Aggressive,19
Travelling Time,32
Normal,2
Normal,33
Normal,4
Evening,30
Rainy,23
Morning,27
Lazy & Nervous,37
Lazy & Nervous,14
Normal,5
Tired & Sleepy,6
Morning,26
Evening,31
Aggressive,18
Night,29
Tired & Sleepy,6
Normal,1
Rainy,21
Tired & Sleepy,36
Tired & Sleepy,10
Aggressive,18
Lazy & Nervous,37
Morning,26
Lazy & Nervous,14
Aggressive,40
Normal,1
Travelling Time,32
Night,29
Tired & Sleepy,7
Rainy,22
Tea Time,25
Rainy,21
Morning,27
Normal,2
Travelling Time,32
Tea Time,24
Night,29
Evening,31
Rainy,22
Normal,33
Morning,26
Tea Time,25
Evening,30
Tired & Sleepy,35
Night,28
Morning,26
Tired & Sleepy,36
Night,28
Night,28
Lazy & Nervous,38
Tired & Sleepy,35
Lazy & Nervous,12
Tea Time,25
Evening,31
Night,28
Morning,26
Tired & Sleepy,35
Morning,27
Travelling Time,32
Tea Time,24
Tea Time,24
Night,28
Lazy & Nervous,14
Travelling Time,32
Normal,1
Morning,27
Travelling Time,32
Morning,27
Rainy,23
Evening,30
Tired & Sleepy,36
Tired & Sleepy,10
Tea Time,24
Night,28
Evening,30
Lazy & Nervous,38
Normal,34
Lazy & Nervous,38
Aggressive,17
Morning,27
Night,28
Tea Time,25
Tired & Sleepy,9
Evening,31
Night,29
Travelling Time,32
Travelling Time,32
Tired & Sleepy,8
Tired & Sleepy,9
Rainy,22
Travelling Time,32
Aggressive,17
Lazy & Nervous,12
Aggressive,18
Aggressive,19
Normal,1
Rainy,22
Morning,26
Morning,26
Normal,1
Night,29
Tea Time,25
Tired & Sleepy,10
Rainy,22
Travelling Time,32
Normal,3
Aggressive,40
Travelling Time,32
Tea Time,24
Lazy & Nervous,14
Normal,4
Evening,30
Rainy,21
Lazy & Nervous,37
Rainy,21
Tired & Sleepy,9
Lazy & Nervous,38
Tea Time,24
Tired & Sleepy,8
Tired & Sleepy,6
Evening,30
Tired & Sleepy,10
Tea Time,25
Travelling Time,32
Tired & Sleepy,6
Travelling Time,32
Rainy,22
Tired & Sleepy,9
Normal,2
Normal,33
Tea Time,25
Lazy & Nervous,13
Aggressive,17
Aggressive,39
Lazy & Nervous,11
Night,29
Travelling Time,32
Travelling Time,32
Normal,1
Rainy,22
Rainy,21
Lazy & Nervous,11
Rainy,22
Travelling Time,32
Aggressive,18
Rainy,23
Lazy & Nervous,14
Normal,34
Evening,30
Rainy,21
Lazy & Nervous,38
Tired & Sleepy,36
Normal,3
Aggressive,17
Morning,27
Evening,31
Travelling Time,32
Travelling Time,32
Night,28
Aggressive,19
Aggressive,17
Rainy,22
Aggressive,18
Morning,27
Travelling Time,32
Normal,2
Aggressive,20
Tired & Sleepy,8
Aggressive,16
Tea Time,25
Rainy,23
Aggressive,16
Travelling Time,32
Morning,26
Normal,2
Rainy,21
Travelling Time,32
Normal,33
Morning,27
Travelling Time,32
Lazy & Nervous,14
Lazy & Nervous,38
Tired & Sleepy,6
Travelling Time,32
Travelling Time,32
Tea Time,25
Aggressive,16
Rainy,21
Tired & Sleepy,36
Normal,2
Rainy,22
Night,29
Tired & Sleepy,9
Tired & Sleepy,9
Aggressive,17
Lazy & Nervous,13
Night,29
Aggressive,19
Aggressive,20
Aggressive,18
Normal,3
Travelling Time,32
Tired & Sleepy,10
Normal,1
Tea Time,25
Normal,4
Aggressive,19
Aggressive,20
Rainy,22
Tired & Sleepy,35
Rainy,22
Travelling Time,32
Morning,26
Tea Time,24
Aggressive,17
Rainy,23
Lazy & Nervous,11
Night,29
Evening,30
Tea Time,24
Morning,27
Travelling Time,32
Tired & Sleepy,9
Lazy & Nervous,11
Aggressive,40
Lazy & Nervous,38
Lazy & Nervous,38
Lazy & Nervous,13
Normal,3
Aggressive,39
Evening,30
Night,28
Aggressive,18
Lazy & Nervous,11
Rainy,23
Tea Time,24
Night,28
Rainy,21
Tea Time,24
Tired & Sleepy,8
Tired & Sleepy,9
Morning,26
Lazy & Nervous,38
Morning,27
Travelling Time,32
Morning,27
Lazy & Nervous,12
Rainy,23
Tired & Sleepy,10
Morning,26
Evening,30
Morning,26
Evening,31
Tired & Sleepy,36
Normal,34
Tea Time,24
Tired & Sleepy,7
Night,28
Night,29
Tea Time,25
Tea Time,25
Tired & Sleepy,35
Night,29
Lazy & Nervous,12
Rainy,23
Normal,34
Tired & Sleepy,7
Tea Time,25
Tea Time,25
Aggressive,40
Night,28
Aggressive,17
Lazy & Nervous,13
Tired & Sleepy,7
Night,29
Evening,30
Night,28
Tired & Sleepy,10
Tea Time,25
Normal,5
Travelling Time,32
Normal,34
Morning,27
Normal,2
Lazy & Nervous,38
Aggressive,16
Night,28
Travelling Time,32
Aggressive,39
Aggressive,16
Lazy & Nervous,14
Normal,5
Night,28
Tea Time,25
Tea Time,24
Lazy & Nervous,12
Aggressive,39
Tired & Sleepy,35
Normal,34
Morning,27
Rainy,23
Travelling Time,32
Lazy & Nervous,12
Morning,26
Night,29
Tea Time,25
Tea Time,24
Travelling Time,32
Tea Time,24
Morning,27
Night,28
Night,29
Travelling Time,32
Night,28
Lazy & Nervous,13
Morning,26
Tea Time,24
Evening,31
Tea Time,24
Evening,30
Aggressive,19
Rainy,21
Rainy,23
Travelling Time,32
Travelling Time,32
Normal,4
Normal,33
Rainy,22
Night,29
Lazy & Nervous,14
Night,28
Rainy,23
Normal,2
Lazy & Nervous,11
Morning,26
Aggressive,39
Aggressive,18
Night,28
Aggressive,18
Evening,30
Tired & Sleepy,7
Aggressive,18
Lazy & Nervous,15
Tired & Sleepy,10
Tea Time,25
Aggressive,40
Tea Time,25
Normal,3
Aggressive,39
Lazy & Nervous,14
Tired & Sleepy,35
Tired & Sleepy,7
Evening,31
Travelling Time,32
Rainy,22
Morning,27
Travelling Time,32
Morning,27
Travelling Time,32
Rainy,21
Tea Time,24
Rainy,22
Tired & Sleepy,7
Lazy & Nervous,11
Travelling Time,32
Night,28
Tea Time,24
Night,28
Normal,2
Lazy & Nervous,15
Night,29
Rainy,23
Normal,2
Night,29
Tea Time,25
Night,28
Tea Time,25
Night,29
Travelling Time,32
Morning,27
Night,28
Night,29
Morning,27
Tea Time,24
Rainy,21
Morning,26
Night,29
Tired & Sleepy,9
Rainy,23
Evening,31
Travelling Time,32
Lazy & Nervous,38
Rainy,21
Lazy & Nervous,38
Tea Time,25
Aggressive,17
Tired & Sleepy,10
Tired & Sleepy,35
Lazy & Nervous,37
Tea Time,24
Rainy,22
Aggressive,18
Evening,30
Tired & Sleepy,35
Normal,3
Normal,3
Morning,26
Aggressive,16
Rainy,23
Rainy,22
Tired & Sleepy,9
Evening,30
Normal,5
Tired & Sleepy,36
Aggressive,20
Evening,31
Tired & Sleepy,36
Tired & Sleepy,7
Night,28
Aggressive,39
Morning,27
Travelling Time,32
Rainy,23
Lazy & Nervous,14
Morning,27
Night,28
Tea Time,25
Travelling Time,32
Lazy & Nervous,11
Night,29
Lazy & Nervous,37
Rainy,22
Travelling Time,32
Normal,34
Evening,30
Travelling Time,32
Tired & Sleepy,6
Night,28
Rainy,21
Aggressive,40
Travelling Time,32
Night,28
Tea Time,24
Tired & Sleepy,10
Night,29
Rainy,23
Lazy & Nervous,15
Rainy,22
Tea Time,24
Night,29
Morning,26
Tea Time,24
Tea Time,24
Evening,31
Evening,31
Tea Time,24
Normal,34
Morning,27
Tea Time,24
Tired & Sleepy,6
Night,28
Tea Time,24
Normal,2
Tired & Sleepy,9
Lazy & Nervous,11
Rainy,21
Rainy,23
Lazy & Nervous,37
Tea Time,24
Night,29
Tired & Sleepy,8
Tea Time,25
Normal,2
Rainy,23
Morning,26
Night,29
Normal,2
Normal,33
Evening,30
Lazy & Nervous,37
Tired & Sleepy,6
Morning,26
Normal,1
Rainy,23
Rainy,23
Tired & Sleepy,7
Lazy & Nervous,37
Lazy & Nervous,12
Evening,31
Aggressive,17
Tea Time,25
Lazy & Nervous,12
Evening,30
Morning,27
Aggressive,19
Tea Time,24
Normal,5
Tea Time,25
Morning,26
Tea Time,25
Lazy & Nervous,38
Morning,27
Night,28
Aggressive,39
Rainy,23
Normal,4
Tea Time,25
Lazy & Nervous,38
Night,28
Lazy & Nervous,38
Evening,30
Aggressive,17
Tea Time,24
Evening,30
Normal,4
Normal,5
Lazy & Nervous,37
Travelling Time,32
Evening,31
Night,28
Evening,30
Normal,2
Morning,26
Rainy,22
Evening,31
Morning,26
Rainy,21
Rainy,23
Rainy,22
Tea Time,25
Normal,2
Travelling Time,32
Tea Time,24
Aggressive,20
Tired & Sleepy,8
Morning,27
Rainy,22
Travelling Time,32
Rainy,21
Evening,30
Rainy,22
Night,28
Aggressive,17
Morning,27
Morning,26
Lazy & Nervous,37
Travelling Time,32
Travelling Time,32
Tea Time,25
Normal,2
Travelling Time,32
Night,29
Tired & Sleepy,36
Morning,26
Normal,34
Rainy,22
Evening,30
Tea Time,24
Evening,30
Rainy,22
Tired & Sleepy,8
Tired & Sleepy,8
Evening,30
Tired & Sleepy,8
Tea Time,25
Morning,26
Lazy & Nervous,38
Aggressive,40
Tea Time,24
Rainy,22
Travelling Time,32
Tea Time,24
Lazy & Nervous,13
Night,28
Night,28
Aggressive,18
Travelling Time,32
Travelling Time,32
Evening,31
Travelling Time,32
Evening,31
Rainy,23
Evening,30
Tired & Sleepy,6
Morning,26
Evening,31
Tired & Sleepy,8
Tea Time,24
Normal,4
Evening,31
Morning,27
Aggressive,40
Rainy,22
Night,28
Tired & Sleepy,8
Morning,26
Morning,27
Aggressive,17
Travelling Time,32
Morning,26
Tea Time,24
Evening,31
Aggressive,17
Evening,30
Aggressive,20
Normal,2
Rainy,23
Morning,26
Evening,31
Evening,31
Travelling Time,32
Evening,31
Tea Time,25
Normal,3
Lazy & Nervous,15
Rainy,23
Tea Time,24
Aggressive,17
Night,28
Normal,3
Normal,4
Normal,5
Rainy,21
Tired & Sleepy,36
Lazy & Nervous,37
Travelling Time,32
Normal,3
Normal,1
Aggressive,19
Rainy,21
Travelling Time,32
Normal,3
Rainy,23
Travelling Time,32
Normal,2
Tired & Sleepy,8
Night,28
Tired & Sleepy,8
Normal,34
Evening,31
Evening,30
Normal,5
Travelling Time,32
Night,29
Evening,31
Evening,31
Normal,1
Tea Time,24
Rainy,21
Night,28
Aggressive,19
Normal,1
Tired & Sleepy,7
Night,29
Aggressive,20
Evening,30
Normal,4
Morning,27
Lazy & Nervous,12
Travelling Time,32
Travelling Time,32
Normal,34
Tea Time,25
Morning,27
Rainy,22
Aggressive,19
Tired & Sleepy,36
Rainy,21
Tired & Sleepy,36
Aggressive,20
Travelling Time,32
Tea Time,25
Evening,30
Normal,3
Evening,31
Night,29
Travelling Time,32
Morning,26
Normal,5
Tired & Sleepy,36
Normal,2
Tired & Sleepy,8
Rainy,22
Tea Time,25
Rainy,22
Lazy & Nervous,15
Normal,5
Aggressive,40
Morning,26
Lazy & Nervous,15
Tea Time,24
Lazy & Nervous,37
Morning,27
Rainy,23
Normal,5
Night,29
Tired & Sleepy,8
Aggressive,20
Night,28
Aggressive,39
Normal,5
Evening,31
Night,29
Night,29
Lazy & Nervous,14
Rainy,22
Rainy,23
Evening,30
Tea Time,25
Travelling Time,32
Aggressive,39
Aggressive,16
Morning,27
Tea Time,24
Rainy,21
Travelling Time,32
Morning,27
Rainy,22
Tea Time,25
Tea Time,24
Morning,27
Tired & Sleepy,6
Travelling Time,32
Rainy,23
Night,29
Evening,31
Night,29
Lazy & Nervous,11
Normal,4
Normal,34
Travelling Time,32
Night,29
Travelling Time,32
Travelling Time,32
Night,28
Normal,3
Evening,30
Aggressive,40
Travelling Time,32
Rainy,21
Morning,27
Tired & Sleepy,8
Normal,1
Tea Time,24
Evening,30
Night,28
Night,29
Normal,33
Tea Time,25
Aggressive,16
Night,28
Rainy,21
Morning,27
Night,29
Night,28
Lazy & Nervous,15
Lazy & Nervous,14
Normal,3
Tea Time,24
Tired & Sleepy,8
Lazy & Nervous,11
Lazy & Nervous,11
Morning,26
Rainy,22
Evening,31
Travelling Time,32
Lazy & Nervous,15
Normal,4
Tired & Sleepy,7
Travelling Time,32
Lazy & Nervous,12
Tea Time,24
Normal,2
Normal,1
Morning,27
Normal,34
Travelling Time,32
Normal,1
Rainy,23
Tea Time,24
Morning,26
Normal,33
Morning,27
Morning,27
Rainy,21
Tired & Sleepy,7
Morning,26
Tea Time,24
Lazy & Nervous,13
Morning,27
Tea Time,25
Travelling Time,32
Tired & Sleepy,7
Morning,26
Aggressive,39
Tired & Sleepy,7
Travelling Time,32
Rainy,21
Evening,31
Evening,31
Rainy,22
Rainy,23
Tired & Sleepy,8
Lazy & Nervous,15
Night,29
Night,29
Morning,26
Tea Time,24
Evening,31
Night,29
Evening,30
Rainy,23
Tired & Sleepy,35
Night,28
Aggressive,17
Travelling Time,32
Tea Time,25
Tea Time,24
Night,28
Travelling Time,32
Tired & Sleepy,35
Travelling Time,32
Morning,27
Night,28
Tired & Sleepy,35
Normal,33
Normal,1
Lazy & Nervous,11
Travelling Time,32
Morning,27
Normal,33
Travelling Time,32
Evening,31
Travelling Time,32
Evening,30
Evening,31
Evening,30
Rainy,22
Tea Time,24
Night,29
Travelling Time,32
Morning,26
Tired & Sleepy,8
Rainy,23
Normal,3
Lazy & Nervous,11
Travelling Time,32
Night,29
Rainy,21
Normal,5
Night,29
Tired & Sleepy,6
Tired & Sleepy,36
Normal,33
Travelling Time,32
Rainy,22
Lazy & Nervous,38
Lazy & Nervous,13
Tired & Sleepy,36
Rainy,23
Morning,27
Travelling Time,32
Normal,4
Tea Time,25
Normal,34
Aggressive,40
Normal,2
Tired & Sleepy,6
Aggressive,19
Morning,26
Lazy & Nervous,15
Rainy,23
Tea Time,25
Night,28
Night,28
Rainy,22
Tired & Sleepy,9
Rainy,23
Aggressive,39
Aggressive,18
Normal,1
Evening,30
Night,28
Rainy,22
Normal,2
Normal,3
Rainy,23
Morning,26
Lazy & Nervous,14
Lazy & Nervous,11
Normal,1
Tired & Sleepy,9
Tea Time,24
Normal,3
Normal,34
Rainy,21
Lazy & Nervous,38
Night,29
Morning,26
Lazy & Nervous,15
Normal,5
Normal,1
Tired & Sleepy,9
Rainy,21
Normal,33
Night,28
Normal,3
Evening,31
Rainy,22
Normal,5
Night,28
Normal,2
Aggressive,16
Morning,27
Travelling Time,32
Normal,2
Travelling Time,32
Normal,3
Morning,26
Night,29
Normal,5
Evening,31
Aggressive,16
Lazy & Nervous,38
Lazy & Nervous,11
Morning,26
Lazy & Nervous,12
Evening,31
Aggressive,17
Aggressive,19
Lazy & Nervous,38
Lazy & Nervous,14
Tea Time,25
Tea Time,25
Rainy,22
Travelling Time,32
Normal,1
Tired & Sleepy,9
Night,28
Lazy & Nervous,11
Night,28
Aggressive,40
Aggressive,17
Tired & Sleepy,9
Tired & Sleepy,36
Morning,26
Night,29
Evening,31
Lazy & Nervous,12
Tea Time,25
Evening,30
Tea Time,25
Aggressive,18
Travelling Time,32
Evening,30
Lazy & Nervous,38
Morning,26
Evening,31
Travelling Time,32
Lazy & Nervous,37
Morning,26
Normal,4
Lazy & Nervous,11
Tea Time,24
Morning,26
Tea Time,25
Evening,31
Aggressive,39
Normal,5
Normal,33
Normal,1
Evening,31
Night,28
Evening,30
Normal,2
Travelling Time,32
Evening,30
Tea Time,25
Evening,31
Rainy,23
Evening,30
Night,29
Morning,27
Travelling Time,32
Travelling Time,32
Tea Time,24
Aggressive,19
Evening,31
Evening,30
Rainy,22
Night,28
Lazy & Nervous,14
Tired & Sleepy,7
Evening,30
Aggressive,40
Travelling Time,32
Evening,30
Rainy,23
Normal,3
Aggressive,20
Tea Time,24
Morning,26
Rainy,21
Night,28
Morning,27
Normal,4
Rainy,23
Tired & Sleepy,8
Morning,27
Normal,5
Rainy,23
Rainy,22
Aggressive,16
Evening,30
Evening,30
Rainy,22
Evening,31
Tired & Sleepy,10
Rainy,22
Tea Time,25
Normal,34
Aggressive,17
Aggressive,17
Morning,26
Rainy,22
Rainy,22
Evening,30
Normal,5
Night,28
Tired & Sleepy,35
Normal,33
Night,28
Aggressive,17
Travelling Time,32
Normal,5
Aggressive,40
Evening,30
Travelling Time,32
Rainy,22
Aggressive,20
Travelling Time,32
Normal,3
Evening,30
Tired & Sleepy,35
Evening,31
Travelling Time,32
Lazy & Nervous,38
Morning,27
Aggressive,40
Travelling Time,32
Evening,30
Tired & Sleepy,35
Travelling Time,32
Lazy & Nervous,12
Night,29
Travelling Time,32
Rainy,22
Tired & Sleepy,6
Aggressive,18
Tea Time,24
Normal,1
Travelling Time,32
Lazy & Nervous,37
Night,29
Normal,5
Rainy,23
Aggressive,20
Night,28
Tea Time,25
Tired & Sleepy,7
Lazy & Nervous,13
Travelling Time,32
Night,29
Travelling Time,32
Night,29
Morning,27
Tired & Sleepy,6
Tea Time,25
Tired & Sleepy,7
Travelling Time,32
Night,28
Night,29
Night,29
Normal,4
Tired & Sleepy,9
Tea Time,25
Night,28
Lazy & Nervous,15
Travelling Time,32
Tea Time,24
Night,28
Lazy & Nervous,15
Tired & Sleepy,9
Lazy & Nervous,37
Morning,26
Lazy & Nervous,38
Night,29
Aggressive,39
Travelling Time,32
Normal,2
Morning,27
Normal,33
Tea Time,24
Tired & Sleepy,10
Evening,30
Evening,30
Travelling Time,32
Normal,33
Lazy & Nervous,14
Tired & Sleepy,8
Aggressive,20
Lazy & Nervous,12
Rainy,23
Tea Time,24
Travelling Time,32
Evening,30
Night,29
Tired & Sleepy,7
Evening,31
Aggressive,19
Normal,3
Lazy & Nervous,37
Rainy,21
Normal,5
Tired & Sleepy,10
Evening,31
Travelling Time,32
Evening,30
Morning,26
Aggressive,19
Evening,30
Aggressive,19
Tea Time,25
Tired & Sleepy,35
Aggressive,18
Aggressive,17
Tired & Sleepy,8
Morning,26
Travelling Time,32
Night,29
Morning,27
Travelling Time,32
Evening,30
Tired & Sleepy,6
Aggressive,18
Lazy & Nervous,12
Aggressive,20
Travelling Time,32
Night,29
Tea Time,24
Tea Time,24
Rainy,22
Tired & Sleepy,35
Morning,27
Tired & Sleepy,36
Tired & Sleepy,7
Lazy & Nervous,12
Travelling Time,32
Lazy & Nervous,13
Night,29
Travelling Time,32
Travelling Time,32
Evening,30
Tea Time,25
Lazy & Nervous,13
Tea Time,25
Evening,31
Tired & Sleepy,9
Rainy,21
Tired & Sleepy,6
Aggressive,16
Evening,30
Night,28
Aggressive,20
Tea Time,25
Aggressive,19
Lazy & Nervous,13
Normal,3
Tea Time,24
Normal,3
Travelling Time,32
Normal,5
Travelling Time,32
Lazy & Nervous,15
Normal,34
Travelling Time,32
Normal,4
Normal,1
Evening,30
Aggressive,40
Normal,34
Normal,33
Lazy & Nervous,12
Tea Time,24
Tea Time,25
Normal,1
Travelling Time,32
Lazy & Nervous,11
Rainy,23
Normal,1
Travelling Time,32
Night,29
Lazy & Nervous,38
Aggressive,16
Normal,4
Rainy,23
Morning,27
Night,28
Normal,33
Aggressive,16
Tired & Sleepy,36
Tea Time,25
Travelling Time,32
Rainy,21
Travelling Time,32
Morning,26
Night,28
Normal,3
Tired & Sleepy,7
Rainy,21
Lazy & Nervous,12
Aggressive,20
Night,29
Evening,30
Rainy,22
Aggressive,20
Travelling Time,32
Normal,1
Normal,33
Aggressive,19
Travelling Time,32
Lazy & Nervous,37
Travelling Time,32
Aggressive,19
Lazy & Nervous,37
Lazy & Nervous,37
Aggressive,39
Tired & Sleepy,9
Morning,26
Lazy & Nervous,15
Travelling Time,32
Evening,30
Morning,27
Night,29
Normal,2
Aggressive,19
Tea Time,24
Tired & Sleepy,35
Lazy & Nervous,38
Rainy,22
Tea Time,25
Evening,31
Tea Time,24
Morning,26
Tea Time,25
Tired & Sleepy,7
Normal,3
Night,29
Travelling Time,32
Tea Time,25
Morning,27
Rainy,21
Tired & Sleepy,6
Aggressive,19
Tired & Sleepy,35
Morning,26
Tea Time,24
Travelling Time,32
Morning,27
Lazy & Nervous,12
Tea Time,24
Normal,33
Tired & Sleepy,10
Morning,27
Tea Time,25
Travelling Time,32
Night,29
Aggressive,16
Lazy & Nervous,14
Rainy,23
Evening,30
Lazy & Nervous,37
Evening,31
Travelling Time,32
Lazy & Nervous,38
Tea Time,24
Travelling Time,32
Aggressive,16
Tea Time,25
Evening,30
Tired & Sleepy,8
Rainy,23
Morning,27
Rainy,21
Travelling Time,32
Aggressive,40
Morning,26
Normal,34
Lazy & Nervous,14
Lazy & Nervous,12
Evening,30
Normal,33
Aggressive,19
Travelling Time,32
Normal,1
Lazy & Nervous,37
Aggressive,20
Evening,30
Rainy,21
Travelling Time,32
Lazy & Nervous,14
Tired & Sleepy,6
Morning,27
Morning,27
Tired & Sleepy,9
Night,28
Night,29
Night,28
Normal,33
Rainy,23
Rainy,21
Travelling Time,32
Travelling Time,32
Normal,33
Rainy,21
Rainy,21
Morning,26
Evening,31
Aggressive,19
Tea Time,24
Lazy & Nervous,11
Travelling Time,32
Tired & Sleepy,35
Evening,31
Travelling Time,32
Lazy & Nervous,13
Tired & Sleepy,7
Tired & Sleepy,9
Evening,31
Morning,27
Tired & Sleepy,36
Rainy,23
Normal,33
Travelling Time,32
Normal,2
Tired & Sleepy,10
Night,29
Night,29
Evening,30
Travelling Time,32
Rainy,21
Morning,26
Morning,27
Tea Time,24
Morning,26
Aggressive,20
Rainy,21
Tea Time,25
Normal,3
Morning,27
Aggressive,16
Night,29
Normal,33
Morning,26
Night,29
Travelling Time,32
Aggressive,20
Normal,4
Night,29
Aggressive,18
Morning,26
Normal,2
Evening,31
Evening,30
Travelling Time,32
Evening,31
Rainy,23
Rainy,22
Rainy,22
Tea Time,24
Evening,31
Night,29
Tired & Sleepy,8
Tired & Sleepy,35
Normal,33
Tea Time,25
Tired & Sleepy,36
Lazy & Nervous,38
Tired & Sleepy,8
Tired & Sleepy,7
Tired & Sleepy,35
Tea Time,24
Night,29
Travelling Time,32
Travelling Time,32
Tired & Sleepy,6
Travelling Time,32
Tired & Sleepy,7
Normal,33
Evening,31
Aggressive,18
Lazy & Nervous,37
Evening,30
Travelling Time,32
Travelling Time,32
Night,29
Morning,26
Travelling Time,32
Tea Time,24
Morning,27
Evening,30
Normal,2
Lazy & Nervous,11
Tea Time,24
Tired & Sleepy,9
Evening,31
Lazy & Nervous,13
Evening,31
Aggressive,19
Travelling Time,32
Tea Time,25
Night,29
Travelling Time,32
Lazy & Nervous,14
Tea Time,24
Tea Time,24
Tired & Sleepy,9
Lazy & Nervous,15
Tired & Sleepy,7
Rainy,21
Lazy & Nervous,13
Aggressive,18
Normal,1
Lazy & Nervous,37
Lazy & Nervous,12
Evening,31
Tired & Sleepy,35
Morning,26
Morning,26
Aggressive,40
Night,29
Aggressive,20
Normal,34
Travelling Time,32
Aggressive,18
Morning,26
Travelling Time,32
Normal,34
Travelling Time,32
Evening,31
Tea Time,24
Tea Time,24
Evening,30
Evening,30
Lazy & Nervous,37
Tea Time,25
Evening,31
Tea Time,25
Evening,31
Night,29
Night,28
Lazy & Nervous,11
Morning,27
Travelling Time,32
Travelling Time,32
Evening,30
Tea Time,24
Evening,31
Aggressive,20
Travelling Time,32
Tired & Sleepy,10
Travelling Time,32
Aggressive,17
Night,28
Tired & Sleepy,35
Travelling Time,32
Evening,30
Morning,26
Morning,26
Tired & Sleepy,35
Tea Time,24
Aggressive,18
Tea Time,24
Tea Time,25
Rainy,21
Night,29
Tea Time,25
Tired & Sleepy,7
Aggressive,16
Tired & Sleepy,8
Morning,27
Travelling Time,32
Tea Time,25
Lazy & Nervous,12
Tired & Sleepy,9
Morning,26
Travelling Time,32
Rainy,21
Rainy,21
Lazy & Nervous,11
Tea Time,25
Tired & Sleepy,9
Night,29
Rainy,23
Aggressive,20
Morning,27
Tea Time,24
Morning,27
Aggressive,18
Travelling Time,32
Morning,26
Night,28
Tea Time,25
Rainy,21
Travelling Time,32
Evening,31
Aggressive,19
Travelling Time,32
Travelling Time,32
Normal,2
Morning,26
Aggressive,17
Normal,1
Lazy & Nervous,37
Rainy,21
Night,29
Lazy & Nervous,11
Tired & Sleepy,10
Normal,5
Night,29
Rainy,21
Normal,3
Tired & Sleepy,36
Lazy & Nervous,14
Aggressive,40
Normal,3
Lazy & Nervous,15
Evening,31
Rainy,22
Aggressive,40
Aggressive,39
Normal,3
Morning,27
Night,29
Lazy & Nervous,38
Tired & Sleepy,6
Aggressive,17
Travelling Time,32
Rainy,22
Aggressive,19
Tea Time,24
Travelling Time,32
Aggressive,16
Lazy & Nervous,12
Normal,3
Evening,31
Normal,3
Tired & Sleepy,8
Night,28
Travelling Time,32
Aggressive,40
Normal,4
Rainy,21
Lazy & Nervous,13
Evening,30
Tea Time,25
Morning,26
Rainy,21
Evening,30
Morning,27
Aggressive,18
Tea Time,24
Aggressive,18
Aggressive,16
Evening,30
Tired & Sleepy,10
Travelling Time,32
Normal,1
Tired & Sleepy,36
Travelling Time,32
Tea Time,24
Lazy & Nervous,13
Normal,5
Evening,30
Normal,34
Night,29
Night,28
Lazy & Nervous,38
Travelling Time,32
Morning,27
Night,29
Lazy & Nervous,37
Rainy,23
Tired & Sleepy,8
Night,29
Lazy & Nervous,38
Tired & Sleepy,9
Evening,30
Night,28
Rainy,22
Lazy & Nervous,38
Travelling Time,32
Lazy & Nervous,13
Aggressive,20
Lazy & Nervous,14
Evening,30
Morning,26
Morning,27
Travelling Time,32
Rainy,23
Aggressive,18
Evening,30
Tea Time,24
Night,29
Night,28
Travelling Time,32
Morning,26
Morning,27
Tired & Sleepy,8
Evening,30
Travelling Time,32
Evening,30
Morning,26
Normal,1
Night,28
Tea Time,24
Normal,34
Morning,26
Rainy,21
Evening,31
Evening,30
Morning,26
Morning,27
Tired & Sleepy,9
Lazy & Nervous,14
Night,28
Normal,3
Travelling Time,32
Rainy,21
Night,28
Tea Time,24
Normal,33
Evening,30
Aggressive,19
Lazy & Nervous,12
Night,28
Tired & Sleepy,6
Lazy & Nervous,12
Tea Time,24
Lazy & Nervous,12
Morning,27
Tea Time,24
Aggressive,16
Rainy,22
Aggressive,18
Travelling Time,32
Rainy,22
Tired & Sleepy,10
Morning,26
Normal,33
Night,28
Evening,30
Travelling Time,32
Travelling Time,32
Morning,27
Night,29
Rainy,23
Normal,33
Tired & Sleepy,6
Rainy,22
Aggressive,17
Lazy & Nervous,13
Lazy & Nervous,14
Evening,31
Normal,4
Travelling Time,32
Rainy,21
Lazy & Nervous,15
Night,29
Morning,26
Evening,31
Aggressive,16
Night,28
Aggressive,19
Night,28
Lazy & Nervous,38
Night,28
Tea Time,24
Tired & Sleepy,35
Aggressive,40
Travelling Time,32
Tired & Sleepy,7
Normal,3
Aggressive,20
Morning,27
Lazy & Nervous,37
Rainy,23
Night,29
Aggressive,18
Morning,27
Evening,30
Night,28
Tired & Sleepy,10
Evening,30
Rainy,23
Normal,5
Night,29
Aggressive,19
Evening,30
Morning,27
Normal,1
Rainy,22
Tea Time,25
Normal,1
Aggressive,19
Aggressive,39
Normal,4
Rainy,23
Normal,3
Tired & Sleepy,7
Travelling Time,32
Normal,3
Travelling Time,32
Rainy,21
Night,28
Lazy & Nervous,37
Lazy & Nervous,13
Rainy,22
Tea Time,24
Tired & Sleepy,8
Morning,27
Aggressive,19
Normal,5
Night,29
Tired & Sleepy,8
Tired & Sleepy,35
Tired & Sleepy,7
Rainy,23
Normal,3
Tea Time,25
Lazy & Nervous,38
Rainy,22
Normal,1
Normal,33
Rainy,23
Tired & Sleepy,8
Lazy & Nervous,15
Normal,34
Evening,30
Aggressive,40
Night,29
Night,29
Rainy,22
Tea Time,24
Lazy & Nervous,15
Tea Time,24
Tired & Sleepy,35
Evening,30
Normal,1
Night,28
Night,28
Night,28
Normal,3
Tea Time,24
Lazy & Nervous,37
Night,28
Tired & Sleepy,8
Lazy & Nervous,11
Rainy,21
Normal,4
Tea Time,24
Tired & Sleepy,36
Night,29
Evening,31
Normal,5
Rainy,22
Lazy & Nervous,12
Rainy,21
Tired & Sleepy,36
Morning,27
Night,29
Lazy & Nervous,15
Travelling Time,32
Rainy,22
Night,29
Evening,30
Normal,5
Travelling Time,32
Evening,30
Tea Time,25
Tea Time,25
Lazy & Nervous,38
Morning,26
Morning,26
Morning,27
Morning,27
Night,29
Morning,26
Morning,27
Tired & Sleepy,10
Normal,33
Travelling Time,32
Evening,31
Lazy & Nervous,14
Lazy & Nervous,13
Rainy,23
Aggressive,40
Travelling Time,32
Lazy & Nervous,38
Tea Time,25
Rainy,23
Tired & Sleepy,7
Tea Time,24
Tea Time,24
Morning,26
Rainy,22
Normal,33
Night,29
Travelling Time,32
Travelling Time,32
Aggressive,16
Morning,26
Evening,30
Morning,26
Aggressive,16
Night,29
Aggressive,16
Evening,30
Tired & Sleepy,7
Night,29
Tired & Sleepy,8
Lazy & Nervous,38
Tea Time,25
Normal,3
Rainy,22
Rainy,23
Tea Time,25
Aggressive,16
Aggressive,20
Aggressive,20
Rainy,21
Tea Time,24
Evening,30
Tired & Sleepy,9
Aggressive,19
Tired & Sleepy,8
Travelling Time,32
Morning,26
Tired & Sleepy,36
Travelling Time,32
Normal,2
Morning,27
Normal,4
Morning,27
Normal,5
Evening,30
Normal,34
Travelling Time,32
Travelling Time,32
Tired & Sleepy,35
Aggressive,17
Travelling Time,32
Morning,26
Normal,2
Lazy & Nervous,13
Lazy & Nervous,14
Tea Time,25
Normal,4
Tea Time,25
Travelling Time,32
Aggressive,16
Morning,26
Night,28
Lazy & Nervous,15
Rainy,22
Aggressive,19
Tired & Sleepy,7
Rainy,23
Morning,27
Night,28
Rainy,21
Aggressive,39
Lazy & Nervous,37
Rainy,21
Aggressive,16
Rainy,21
Tea Time,24
Rainy,21
Tea Time,25
Aggressive,17
Evening,30
Normal,1
Normal,5
Morning,26
Night,29
Tired & Sleepy,8
Normal,34
Travelling Time,32
Night,28
Aggressive,20
Tea Time,25
Travelling Time,32
Travelling Time,32
Aggressive,18
Tired & Sleepy,7
Aggressive,19
Morning,26
Morning,27
Evening,30
Normal,2
Evening,31
Morning,27
Aggressive,39
Rainy,22
Travelling Time,32
Evening,30
Aggressive,40
Aggressive,18
Night,28
Evening,31
Aggressive,19
Morning,27
Evening,30
Morning,27
Travelling Time,32
Lazy & Nervous,11
Morning,27
Lazy & Nervous,11
Night,29
Morning,27
Evening,30
Lazy & Nervous,38
Evening,30
Tea Time,25
Normal,5
Travelling Time,32
Tired & Sleepy,9
Rainy,21
Evening,30
Rainy,22
Rainy,23
Tired & Sleepy,7
Morning,27
Night,28
Tired & Sleepy,7
Evening,31
Night,29
Aggressive,19
Aggressive,17
Night,29
Tea Time,24
Travelling Time,32
Aggressive,39
Normal,4
Evening,31
Lazy & Nervous,14
Morning,27
Rainy,22
Travelling Time,32
Night,28
Morning,27
Lazy & Nervous,15
Tired & Sleepy,6
Tired & Sleepy,35
Rainy,23
Evening,30
Lazy & Nervous,37
Rainy,23
Normal,3
Aggressive,20
Tea Time,25
Night,28
Evening,30
Travelling Time,32
Tea Time,24
Tired & Sleepy,9
Tired & Sleepy,10
Rainy,21
Evening,30
Night,29
Night,28
Evening,30
Normal,5
Aggressive,39
Travelling Time,32
Tea Time,24
Normal,4
Travelling Time,32
Evening,31
Tea Time,25
Lazy & Nervous,11
Normal,5
Rainy,21
Tea Time,24
Travelling Time,32
Tired & Sleepy,9
Normal,5
Travelling Time,32
Tea Time,25
Lazy & Nervous,38
Morning,27
Normal,2
Night,28
Normal,5
Normal,34
Rainy,22
Night,29
Rainy,22
Night,28
Normal,33
Tea Time,25
Evening,30
Night,29
Lazy & Nervous,38
Tired & Sleepy,9
Tea Time,25
Night,29
Evening,31
Morning,26
Normal,3
Evening,30
Evening,30
Aggressive,18
Rainy,21
Lazy & Nervous,14
Travelling Time,32
Rainy,23
Evening,31
Tea Time,25
Normal,33
Tea Time,25
Normal,1
Tired & Sleepy,35
Evening,31
Normal,34
Evening,30
Lazy & Nervous,37
Lazy & Nervous,13
Tired & Sleepy,10
Travelling Time,32
Night,29
Evening,30
Travelling Time,32
Tired & Sleepy,35
Lazy & Nervous,13
Rainy,23
Evening,31
Tea Time,25
Lazy & Nervous,14
Evening,31
Morning,27
Evening,31
Tired & Sleepy,35
Rainy,22
Rainy,21
Tired & Sleepy,36
Rainy,21
Lazy & Nervous,11
Aggressive,17
Rainy,23
Normal,1
Tea Time,25
Morning,26
Normal,33
Rainy,21
Aggressive,18
Night,29
Night,29
Normal,2
Evening,31
Night,29
Aggressive,19
Aggressive,19
Night,29
Tea Time,25
Rainy,23
Evening,31
Morning,26
Travelling Time,32
Evening,31
Normal,3
Night,29
Normal,4
Evening,31
Travelling Time,32
Night,29
Evening,31
Rainy,22
Aggressive,18
Morning,27
Evening,31
Evening,31
Tea Time,25
Normal,34
Night,29
Travelling Time,32
Tired & Sleepy,36
Lazy & Nervous,38
Lazy & Nervous,14
Aggressive,40
Travelling Time,32
Lazy & Nervous,13
Tired & Sleepy,35
Evening,31
Travelling Time,32
Normal,34
Tired & Sleepy,7
Tired & Sleepy,7
Tired & Sleepy,10
Tea Time,24
Evening,31
Travelling Time,32
Morning,26
Aggressive,20
Evening,31
Tea Time,25
Lazy & Nervous,11
Evening,31
Tea Time,25
Evening,31
Normal,3
Night,28
Evening,30
Rainy,22
Lazy & Nervous,11
Travelling Time,32
Tea Time,24
Rainy,23
Morning,27
Evening,31
Normal,1
Lazy & Nervous,37
Rainy,22
Morning,27
Night,28
Night,28
Aggressive,20
Lazy & Nervous,14
Aggressive,19
Evening,31
Tea Time,25
Lazy & Nervous,13
Morning,27
Aggressive,17
Night,28
Morning,26
Morning,27
Tired & Sleepy,36
Aggressive,39
Tea Time,24
Travelling Time,32
Travelling Time,32
Morning,27
Rainy,23
Lazy & Nervous,11
Normal,3
Night,29
Aggressive,16
Aggressive,40
Rainy,23
Lazy & Nervous,11
Tired & Sleepy,35
Morning,27
Rainy,22
Tired & Sleepy,10
Travelling Time,32
Rainy,22
Aggressive,16
Evening,31
Night,28
Evening,30
Travelling Time,32
Lazy & Nervous,38
Lazy & Nervous,12
Rainy,21
Lazy & Nervous,13
Night,28
Morning,26
Travelling Time,32
Rainy,23
Evening,30
Travelling Time,32
Normal,5
Aggressive,39
Tired & Sleepy,36
Night,28
Morning,27
Evening,31
Lazy & Nervous,15
Tired & Sleepy,6
Travelling Time,32
Tea Time,25
Tired & Sleepy,9
Evening,30
Night,28
Morning,27
Evening,31
Morning,26
Aggressive,19
Aggressive,40
Rainy,23
Night,29
Aggressive,39
Lazy & Nervous,12
Evening,30
Tea Time,25
Lazy & Nervous,37
Night,28
Rainy,22
Lazy & Nervous,37
Morning,26
Tea Time,25
Aggressive,39
Normal,2
Tired & Sleepy,8
Tea Time,24
Travelling Time,32
Tea Time,24
Aggressive,20
Evening,31
Morning,27
Evening,31
Lazy & Nervous,13
Normal,34
Evening,30
Normal,5
Evening,31
Tired & Sleepy,9
Aggressive,16
Lazy & Nervous,37
Morning,26
Tired & Sleepy,9
Tea Time,24
Evening,30
Lazy & Nervous,14
Travelling Time,32
Evening,30
Morning,27
Normal,2
Evening,31
Normal,34
Tea Time,25
Tired & Sleepy,8
Evening,30
Normal,2
Normal,4
Tired & Sleepy,8
Tea Time,24
Lazy & Nervous,38
Rainy,22
Morning,26
Normal,3
Night,28
Normal,2
Night,28
Rainy,23
Lazy & Nervous,13
Tea Time,25
Tired & Sleepy,9
Tired & Sleepy,6
Tired & Sleepy,6
Morning,26
Night,29
Tired & Sleepy,35
Rainy,22
Morning,27
Morning,27
Night,28
Tired & Sleepy,10
Tired & Sleepy,7
Evening,30
Aggressive,17
Rainy,23
Night,29
Travelling Time,32
Normal,3
Travelling Time,32
Tea Time,24
Tired & Sleepy,35
Tea Time,24
Aggressive,39
Tea Time,24
Normal,5
Tea Time,24
Tea Time,24
Aggressive,16
Tea Time,25
Rainy,21
Travelling Time,32
Lazy & Nervous,13
Tired & Sleepy,8
Lazy & Nervous,12
Aggressive,20
Morning,27
Tea Time,24
Normal,2
Morning,26
Morning,27
Aggressive,18
Travelling Time,32
Aggressive,19
Travelling Time,32
Lazy & Nervous,13
Night,28
Travelling Time,32
Aggressive,20
Normal,4
Morning,26
Tired & Sleepy,36
Rainy,23
Normal,34
Rainy,22
Lazy & Nervous,15
Travelling Time,32
Tea Time,24
Rainy,22
Rainy,21
Morning,27
Tired & Sleepy,6
Tired & Sleepy,7
Aggressive,17
Night,28
Rainy,23
Normal,4
Aggressive,39
Morning,26
Aggressive,20
Evening,31
Tired & Sleepy,6
Evening,31
Tea Time,25
Tired & Sleepy,35
Tea Time,25
Travelling Time,32
Night,29
Night,28
Travelling Time,32
Lazy & Nervous,15
Tired & Sleepy,10
Normal,4
Aggressive,40
Travelling Time,32
Rainy,21
Rainy,23
Aggressive,16
Tea Time,25
Morning,26
Tired & Sleepy,6
Morning,27
Evening,31
Night,28
Travelling Time,32
Rainy,22
Travelling Time,32
Tired & Sleepy,7
Normal,1
Normal,1
Normal,4
Evening,30
Evening,30
Tired & Sleepy,9
Travelling Time,32
Normal,34
Normal,33
Lazy & Nervous,15
Tired & Sleepy,36
Travelling Time,32
Morning,26
Night,28
Lazy & Nervous,11
Lazy & Nervous,11
Tired & Sleepy,8
Lazy & Nervous,38
Aggressive,17
Aggressive,16
Morning,26
Rainy,23
Tea Time,25
Travelling Time,32
Morning,27
Night,29
Night,29
Lazy & Nervous,38
Aggressive,40
Night,28
Tired & Sleepy,35
Morning,27
Morning,27
Rainy,21
Morning,26
Tea Time,25
Night,29
Tea Time,24
Aggressive,39
Normal,5
Tea Time,25
Travelling Time,32
Rainy,22
Travelling Time,32
Tired & Sleepy,6
Normal,33
Night,28
Travelling Time,32
Tired & Sleepy,9
Tea Time,25
Evening,31
Night,28
Tea Time,25
Aggressive,17
Travelling Time,32
Morning,27
Evening,30
Aggressive,20
Aggressive,40
Lazy & Nervous,14
Tea Time,24
Lazy & Nervous,11
Tea Time,24
Travelling Time,32
Tea Time,24
Normal,34
Normal,1
Morning,26
Aggressive,19
Normal,1
Night,28
Normal,34
Lazy & Nervous,12
Tea Time,25
Tired & Sleepy,9
Normal,4
Morning,27
Normal,2
Tired & Sleepy,6
Aggressive,19
Morning,27
Rainy,23
Normal,34
Normal,2
Travelling Time,32
Normal,3
Rainy,22
Lazy & Nervous,11
Night,29
Morning,26
Travelling Time,32
Morning,27
Travelling Time,32
Rainy,22
Tea Time,25
Normal,1
Normal,1
Morning,27
Lazy & Nervous,13
Rainy,23
Lazy & Nervous,37
Morning,26
Tea Time,24
Night,29
Rainy,23
Tired & Sleepy,10
Morning,27
Evening,30
Morning,27
Rainy,22
Travelling Time,32
Night,29
Evening,30
Aggressive,20
Morning,26
Rainy,22
Aggressive,39
Night,29
Night,28
Night,29
Night,29
Night,28
Normal,33
Tired & Sleepy,8
Aggressive,19
Lazy & Nervous,13
Morning,27
Normal,34
Normal,33
Aggressive,20
Tired & Sleepy,8
Normal,33
Lazy & Nervous,14
Tired & Sleepy,10
Normal,34
Lazy & Nervous,12
Lazy & Nervous,38
Night,29
Lazy & Nervous,38
Night,29
Rainy,22
Morning,27
Aggressive,40
Morning,27
Evening,30
Night,28
Evening,31
Aggressive,40
Night,28
Night,28
Night,29
Normal,2
Tired & Sleepy,36
Evening,31
Rainy,22
Normal,34
Travelling Time,32
Evening,31
Travelling Time,32
Night,28
Morning,26
Morning,27
Normal,5
Rainy,22
Normal,1
Lazy & Nervous,14
Travelling Time,32
Lazy & Nervous,13
Night,28
Normal,4
Travelling Time,32
Morning,26
Morning,27
Travelling Time,32
Night,28
Normal,4
Lazy & Nervous,14
Evening,31
Aggressive,20
Night,29
Aggressive,18
Rainy,23
Rainy,22
Aggressive,18
Evening,30
Lazy & Nervous,11
Tired & Sleepy,35
Evening,31
Tea Time,24
Travelling Time,32
Travelling Time,32
Tea Time,24
Lazy & Nervous,37
Normal,34
Morning,26
Evening,31
Rainy,22
Tea Time,24
Aggressive,18
Normal,33
Night,28
Morning,27
Night,29
Normal,3
Morning,26
Tea Time,24
Evening,30
Night,28
Morning,27
Morning,27
Lazy & Nervous,15
Tired & Sleepy,35
Travelling Time,32
Night,28
Morning,26
Morning,27
Normal,1
Evening,31
Tired & Sleepy,36
Tired & Sleepy,8
Night,28
Tired & Sleepy,36
Night,28
Travelling Time,32
Night,29
Evening,31
Normal,2
Night,29
Normal,1
Lazy & Nervous,15
Aggressive,18
Normal,33
Normal,4
Morning,27
Tea Time,24
Normal,33
Rainy,23
Lazy & Nervous,12
Night,28
Aggressive,20
Tired & Sleepy,8
Normal,33
Evening,31
Evening,30
Tea Time,25
Night,28
Tea Time,24
Lazy & Nervous,11
Lazy & Nervous,38
Rainy,21
Rainy,22
Aggressive,16
Evening,31
Evening,30
Night,29
Morning,27
Night,29
Travelling Time,32
Lazy & Nervous,37
Rainy,23
Lazy & Nervous,38
Travelling Time,32
Night,28
Tea Time,24
Lazy & Nervous,15
Travelling Time,32
Lazy & Nervous,12
Normal,1
Travelling Time,32
Rainy,23
Evening,30
Normal,34
Normal,2
Morning,26
Evening,31
Lazy & Nervous,37
Evening,31
Rainy,22
Normal,4
Evening,31
Tea Time,24
Normal,5
Morning,26
Evening,31
Rainy,21
Travelling Time,32
Evening,30
Lazy & Nervous,13
Rainy,23
Evening,30
Normal,2
Aggressive,39
Night,28
Tired & Sleepy,36
Morning,26
Night,28
Morning,26
Evening,31
Tea Time,25
Lazy & Nervous,15
Normal,4
Lazy & Nervous,12
Rainy,22
Aggressive,17
Tea Time,25
Evening,30
Night,29
Travelling Time,32
Night,28
Evening,30
Tea Time,25
Tea Time,25
Normal,4
Travelling Time,32
Night,28
Aggressive,19
Tired & Sleepy,6
Lazy & Nervous,11
Evening,31
Travelling Time,32
Night,28
Normal,34
Normal,4
Travelling Time,32
Tea Time,25
Normal,5
Lazy & Nervous,11
Travelling Time,32
Tired & Sleepy,10
Travelling Time,32
Tea Time,25
Aggressive,16
Travelling Time,32
Tea Time,24
Rainy,23
Lazy & Nervous,15
Aggressive,39
Tea Time,24
Tired & Sleepy,8
Normal,2
Travelling Time,32
Tired & Sleepy,8
Rainy,22
Evening,31
Rainy,23
Aggressive,16
Night,29
Lazy & Nervous,37
Travelling Time,32
Tired & Sleepy,7
Aggressive,18
Aggressive,19
Rainy,22
Night,29
Aggressive,40
Night,29
Evening,30
Evening,30
Lazy & Nervous,38
Normal,34
Morning,26
Travelling Time,32
Night,28
Normal,3
Evening,30
Rainy,23
Night,29
Night,29
Aggressive,16
Lazy & Nervous,12
Lazy & Nervous,14
Lazy & Nervous,13
Rainy,21
Tea Time,24
Normal,33
Tired & Sleepy,7
Aggressive,18
Normal,2
Aggressive,39
Tea Time,25
Travelling Time,32
Travelling Time,32
Rainy,23
Night,29
Tired & Sleepy,36
Travelling Time,32
Evening,30
Aggressive,40
Aggressive,17
Evening,31
Tea Time,24
Rainy,21
Normal,4
Normal,1
Normal,1
Tired & Sleepy,10
Rainy,23
Travelling Time,32
Night,28
Aggressive,19
Lazy & Nervous,14
Aggressive,16
Aggressive,39
Rainy,23
Night,28
Night,29
Evening,30
Tea Time,24
Tired & Sleepy,8
Lazy & Nervous,37
Normal,34
Lazy & Nervous,14
Tea Time,24
Lazy & Nervous,14
Lazy & Nervous,38
Morning,26
Aggressive,16
Travelling Time,32
Travelling Time,32
Tea Time,25
Tea Time,24
Tea Time,25
Travelling Time,32
Rainy,23
Aggressive,40
Evening,31
Aggressive,17
Aggressive,18
Morning,26
Morning,26
Rainy,21
Morning,26
Evening,30
Aggressive,20
Rainy,21
Travelling Time,32
Morning,26
Morning,27
Aggressive,40
Normal,3
Night,29
Tea Time,25
Rainy,23
Tired & Sleepy,7
Evening,31
Night,28
Night,28
Travelling Time,32
Aggressive,16
Rainy,21
Tired & Sleepy,10
Tea Time,24
Lazy & Nervous,11
Rainy,21
Tired & Sleepy,6
Travelling Time,32
Aggressive,20
Evening,30
Lazy & Nervous,15
Lazy & Nervous,12
Night,28
Rainy,22
Tired & Sleepy,7
Morning,26
Lazy & Nervous,38
Normal,33
Normal,4
Lazy & Nervous,13
Tea Time,24
Tired & Sleepy,7
Travelling Time,32
Evening,30
Lazy & Nervous,12
Tea Time,24
Evening,30
Rainy,21
Night,29
Travelling Time,32
Normal,3
Evening,30
Evening,31
Tired & Sleepy,7
Travelling Time,32
Tea Time,25
Morning,26
Rainy,22
Lazy & Nervous,37
Lazy & Nervous,13
Evening,30
Tired & Sleepy,6
Evening,30
Evening,31
Tea Time,24
Morning,26
Tired & Sleepy,9
Rainy,23
Travelling Time,32
Tired & Sleepy,7
Travelling Time,32
Aggressive,40
Rainy,23
Lazy & Nervous,37
Normal,1
Rainy,22
Rainy,23
Lazy & Nervous,15
Normal,34
Morning,26
Aggressive,19
Morning,26
Night,29
Morning,26
Rainy,21
Morning,27
Rainy,22
Travelling Time,32
Rainy,22
Tired & Sleepy,7
Lazy & Nervous,15
Tea Time,25
Tea Time,25
Normal,3
Lazy & Nervous,12
Tired & Sleepy,8
Tired & Sleepy,9
Night,29
Night,28
Night,29
Tired & Sleepy,36
Morning,27
Aggressive,40
Normal,33
Normal,33
Tea Time,25
Night,29
Tea Time,25
Night,29
Normal,2
Normal,4
Tea Time,24
Tired & Sleepy,35
Travelling Time,32
Evening,30
Lazy & Nervous,38
Morning,27
Tea Time,25
Normal,4
Normal,1
Rainy,23
Lazy & Nervous,38
Lazy & Nervous,38
Lazy & Nervous,12
Rainy,22
Night,29
Lazy & Nervous,37
Lazy & Nervous,14
Night,28
Lazy & Nervous,38
Aggressive,19
Normal,4
Tea Time,25
Lazy & Nervous,38
Travelling Time,32
Tea Time,25
Evening,31
Normal,1
Tea Time,25
Lazy & Nervous,11
Lazy & Nervous,37
Normal,4
Tea Time,25
Night,29
Night,29
Tired & Sleepy,7
Rainy,21
Aggressive,18
Rainy,22
Morning,27
Travelling Time,32
Morning,26
Rainy,23
Normal,3
Night,29
Tired & Sleepy,35
Aggressive,40
Night,28
Morning,26
Tired & Sleepy,35
Aggressive,39
Evening,31
Lazy & Nervous,38
Tired & Sleepy,35
Travelling Time,32
Night,29
Night,28
Lazy & Nervous,12
Aggressive,19
Morning,27
Rainy,23
Tea Time,24
Normal,4
Rainy,21
Morning,27
Rainy,22
Aggressive,40
Tea Time,25
Travelling Time,32
Morning,26
Travelling Time,32
Morning,26
Evening,30
Night,28
Normal,3
Tea Time,24
Tea Time,24
Tea Time,24
Travelling Time,32
Tea Time,24
Evening,31
Travelling Time,32
Aggressive,17
Travelling Time,32
Morning,27
Rainy,21
Travelling Time,32
Tea Time,24
Tea Time,25
Morning,26
Tea Time,24
Aggressive,16
Tea Time,25
Lazy & Nervous,37
Rainy,21
Evening,30
Evening,31
Night,29
Evening,31
Tea Time,25
Lazy & Nervous,12
Travelling Time,32
Night,28
Aggressive,40
Lazy & Nervous,15
Evening,30
Morning,26
Tea Time,24
Evening,30
Evening,31
Lazy & Nervous,38
Lazy & Nervous,15
Tired & Sleepy,36
Tea Time,24
Evening,30
Rainy,22
Tea Time,25
Night,28
Morning,26
Night,29
Tea Time,24
Morning,26
Tired & Sleepy,10
Night,28
Normal,34
Tea Time,25
Travelling Time,32
Rainy,23
Morning,27
Tired & Sleepy,8
Normal,1
Tea Time,24
Travelling Time,32
Evening,30
Tired & Sleepy,8
Rainy,23
Lazy & Nervous,14
Rainy,23
Tea Time,24
Morning,27
Aggressive,16
Evening,31
Lazy & Nervous,38
Rainy,22
Tired & Sleepy,9
Aggressive,17
Evening,30
Travelling Time,32
Travelling Time,32
Tired & Sleepy,7
Travelling Time,32
Tired & Sleepy,6
Morning,26
Night,29
Rainy,23
Normal,3
Tired & Sleepy,6
Tired & Sleepy,6
Normal,3
Normal,33
Aggressive,17
Rainy,23
Travelling Time,32
Rainy,23
Rainy,23
Travelling Time,32
Rainy,21
Aggressive,39
Evening,30
Travelling Time,32
Travelling Time,32
Morning,26
Tea Time,24
Evening,31
Travelling Time,32
Lazy & Nervous,11
Morning,27
Night,28
Morning,26
Normal,5
Travelling Time,32
Rainy,22
Normal,1
Morning,27
Tired & Sleepy,9
Lazy & Nervous,13
Normal,2
Night,28
Morning,27
Lazy & Nervous,12
Aggressive,20
Travelling Time,32
Lazy & Nervous,14
Lazy & Nervous,38
Night,29
Normal,3
Aggressive,20
Evening,31
Aggressive,17
Normal,5
Night,29
Aggressive,40
Night,29
Tired & Sleepy,8
Evening,30
Lazy & Nervous,13
Tea Time,25
Tea Time,24
Rainy,21
Travelling Time,32
Tea Time,25
Aggressive,40
Aggressive,19
Tired & Sleepy,9
Morning,27
Lazy & Nervous,11
Travelling Time,32
Rainy,22
Tired & Sleepy,8
Evening,30
Lazy & Nervous,37
Tea Time,25
Aggressive,18
Normal,4
Tired & Sleepy,36
Night,29
Morning,27
Night,29
Lazy & Nervous,38
Tired & Sleepy,10
Aggressive,19
Morning,27
Lazy & Nervous,37
Normal,2
Travelling Time,32
Normal,4
Morning,26
Lazy & Nervous,14
Rainy,22
Tired & Sleepy,10
Morning,27
Travelling Time,32
Normal,3
Tea Time,25
Rainy,22
Travelling Time,32
Night,28
Normal,4
Aggressive,39
Evening,31
Travelling Time,32
Normal,1
Lazy & Nervous,13
Travelling Time,32
Night,29
Night,29
Night,28
Evening,31
Evening,30
Morning,26
Normal,2
Tired & Sleepy,9
Tired & Sleepy,10
Morning,27
Travelling Time,32
Aggressive,17
Tired & Sleepy,8
Rainy,23
Night,28
Tea Time,25
Travelling Time,32
Evening,31
Evening,31
Normal,2
Tired & Sleepy,9
Travelling Time,32
Lazy & Nervous,15
Tired & Sleepy,7
Evening,30
Lazy & Nervous,13
Lazy & Nervous,12
Lazy & Nervous,11
Travelling Time,32
Rainy,21
Morning,27
Rainy,22
Evening,30
Morning,27
Lazy & Nervous,15
Evening,30
Rainy,22
Rainy,23
Normal,1
Tea Time,24
Evening,30
Morning,27
Rainy,23
Tea Time,24
Night,28
Night,29
Morning,26
Rainy,21
Aggressive,20
Aggressive,16
Travelling Time,32
Morning,27
Lazy & Nervous,12
Rainy,22
Evening,31
Travelling Time,32
Evening,31
Tired & Sleepy,8
Normal,2
Rainy,21
Lazy & Nervous,14
Rainy,21
Tea Time,24
Normal,34
Morning,27
Tired & Sleepy,10
Travelling Time,32
Tired & Sleepy,36
Travelling Time,32
Travelling Time,32
Rainy,22
Morning,26
Tired & Sleepy,10
Morning,26
Rainy,22
Aggressive,19
Aggressive,16
Aggressive,17
Normal,34
Tea Time,24
Tea Time,24
Lazy & Nervous,12
Evening,30
Tea Time,24
Normal,34
Night,28
Lazy & Nervous,37
Aggressive,18
Rainy,21
Rainy,21
Tea Time,24
Morning,27
Travelling Time,32
Tea Time,24
Aggressive,17
Evening,30
Normal,4
Rainy,21
Travelling Time,32
Morning,26
Tea Time,25
Evening,30
Normal,5
Morning,27
Normal,3
Travelling Time,32
Rainy,21
Night,29
Rainy,22
Tired & Sleepy,7
Tired & Sleepy,6
Normal,5
Tea Time,25
Evening,30
Travelling Time,32
Evening,31
Lazy & Nervous,37
Tea Time,24
Tea Time,24
Travelling Time,32
Evening,31
Night,28
Tea Time,24
Night,28
Normal,33
Rainy,23
Evening,31
Normal,4
Evening,30
Travelling Time,32
Lazy & Nervous,12
Tea Time,25
Rainy,22
Rainy,21
Travelling Time,32
Morning,26
Aggressive,18
Tired & Sleepy,6
Morning,27
Evening,30
Morning,26
Rainy,21
Lazy & Nervous,38
Travelling Time,32
Evening,31
Tired & Sleepy,10
Rainy,21
Normal,2
Night,29
Lazy & Nervous,37
Aggressive,16
Night,29
Normal,5
Aggressive,39
Evening,30
Morning,27
Morning,26
Travelling Time,32
Morning,27
Aggressive,16
Normal,5
Lazy & Nervous,38
Travelling Time,32
Lazy & Nervous,11
Evening,31
Tea Time,25
Normal,34
Tea Time,24
Tea Time,25
Morning,27
Travelling Time,32
Tea Time,24
Lazy & Nervous,11
Rainy,22
Lazy & Nervous,38
Morning,26
Tired & Sleepy,10
Tired & Sleepy,35
Rainy,23
Tea Time,24
Night,29
Travelling Time,32
Tea Time,25
Lazy & Nervous,11
Aggressive,16
Normal,1
Evening,31
Evening,30
Night,28
Evening,31
Rainy,21
Evening,31
Tired & Sleepy,9
Normal,4
Travelling Time,32
Lazy & Nervous,12
Evening,31
Aggressive,20
Tea Time,25
Evening,30
Rainy,23
Rainy,23
Night,29
Aggressive,18
Night,28
Normal,34
Night,28
Tired & Sleepy,35
Tea Time,24
Tea Time,25
Lazy & Nervous,11
Morning,27
Tired & Sleepy,7
Morning,27
Travelling Time,32
Rainy,23
Night,28
Tired & Sleepy,9
Travelling Time,32
Tea Time,25
Normal,34
Rainy,21
Morning,27
Tea Time,24
Tea Time,25
Evening,31
Travelling Time,32
Normal,2
Normal,33
Morning,26
Night,28
Tired & Sleepy,7
Morning,27
Tea Time,24
Aggressive,40
Evening,31
Normal,2
Aggressive,18
Tea Time,25
Morning,26
Tired & Sleepy,35
Lazy & Nervous,15
Night,29
Evening,30
Night,28
Tired & Sleepy,6
Evening,31
Normal,1
Morning,27
Aggressive,20
Normal,3
Normal,3
Morning,27
Night,28
Lazy & Nervous,15
Rainy,23
Night,28
Tea Time,24
Rainy,23
Rainy,22
Rainy,21
Rainy,21
Rainy,23
Tired & Sleepy,36
Lazy & Nervous,11
Tea Time,24
Aggressive,18
Tired & Sleepy,8
Tea Time,25
Aggressive,18
Tea Time,25
Rainy,22
Aggressive,18
Aggressive,20
Travelling Time,32
Aggressive,39
Tired & Sleepy,10
Tired & Sleepy,35
Normal,2
Night,29
Night,28
Night,28
Morning,27
Morning,27
Normal,2
Tired & Sleepy,7
Tired & Sleepy,6
Normal,34
Aggressive,20
Lazy & Nervous,11
Aggressive,16
Normal,5
Night,29
Lazy & Nervous,14
Rainy,21
Morning,26
Lazy & Nervous,15
Lazy & Nervous,11
Tea Time,25
Tired & Sleepy,35
Aggressive,19
Lazy & Nervous,13
Normal,1
Aggressive,39
Travelling Time,32
Morning,26
Night,29
Tired & Sleepy,35
Normal,4
Tea Time,25
Travelling Time,32
Aggressive,20
Night,28
Travelling Time,32
Aggressive,40
Night,28
Normal,3
Night,29
Aggressive,39
Night,28
Night,29
Travelling Time,32
Night,29
Morning,26
Lazy & Nervous,13
Evening,31
Rainy,21
Morning,26
Lazy & Nervous,14
Rainy,21
Night,28
Rainy,22
Lazy & Nervous,11
Aggressive,39
Night,29
Tea Time,25
Evening,30
Evening,31
Aggressive,39
Tired & Sleepy,7
Travelling Time,32
Morning,26
Normal,3
Evening,31
Morning,26
Travelling Time,32
Night,29
Morning,26
Rainy,22
Aggressive,18
Travelling Time,32
Tea Time,24
Tired & Sleepy,10
Morning,27
Night,28
Night,29
Aggressive,20
Lazy & Nervous,13
Tired & Sleepy,6
Tea Time,25
Travelling Time,32
Normal,4
Night,28
Evening,31
Night,28
Travelling Time,32
Evening,31
Tea Time,25
Lazy & Nervous,15
Evening,31
Lazy & Nervous,15
Lazy & Nervous,15
Aggressive,39
Night,28
Tired & Sleepy,9
Tired & Sleepy,7
Tired & Sleepy,35
Travelling Time,32
Tea Time,25
Morning,26
Lazy & Nervous,13
Tea Time,25
Evening,31
Tea Time,25
Aggressive,17
Rainy,23
Travelling Time,32
Rainy,23
Evening,31
Travelling Time,32
Tea Time,25
Morning,26
Lazy & Nervous,15
Night,28
Lazy & Nervous,14
Tired & Sleepy,10
Night,28
Tired & Sleepy,10
Normal,33
Tea Time,25
Normal,3
Rainy,22
Lazy & Nervous,14
Normal,3
Lazy & Nervous,38
Rainy,21
Rainy,23
Evening,30
Night,29
Tired & Sleepy,7
Travelling Time,32
Lazy & Nervous,15
Tea Time,24
Morning,27
Lazy & Nervous,37
Night,28
Rainy,23
Morning,27
Travelling Time,32
Night,28
Normal,34
Lazy & Nervous,38
Evening,31
Night,28
Lazy & Nervous,12
Evening,31
Travelling Time,32
Rainy,23
Tea Time,24
Travelling Time,32
Lazy & Nervous,37
Tired & Sleepy,9
Night,29
Tired & Sleepy,9
Aggressive,39
Tea Time,25
Tea Time,25
Normal,2
Travelling Time,32
Rainy,22
Morning,27
Tired & Sleepy,9
Aggressive,40
Night,29
Tea Time,24
Tea Time,24
Normal,1
Lazy & Nervous,14
Lazy & Nervous,11
Tired & Sleepy,35
Rainy,23
Rainy,21
Normal,33
Travelling Time,32
Morning,26
Tired & Sleepy,6
Rainy,22
Normal,5
Lazy & Nervous,13
Travelling Time,32
Tired & Sleepy,36
Travelling Time,32
Evening,31
Travelling Time,32
Aggressive,17
Morning,26
Aggressive,20
Evening,30
Tea Time,25
Rainy,21
Evening,30
Travelling Time,32
Night,29
Rainy,22
Lazy & Nervous,38
Travelling Time,32
Tired & Sleepy,35
Lazy & Nervous,11
Night,29
Lazy & Nervous,37
Night,29
Travelling Time,32
Night,28
Morning,26
Tired & Sleepy,9
Rainy,21
Normal,4
Travelling Time,32
Night,29
Evening,30
Tired & Sleepy,9
Aggressive,17
Lazy & Nervous,12
Tired & Sleepy,8
Night,28
Rainy,21
Evening,31
Evening,30
Rainy,22
Morning,27
Tired & Sleepy,7
Tea Time,25
Tea Time,25
Morning,26
Aggressive,16
Normal,1
Travelling Time,32
Tea Time,25
Morning,26
Tea Time,25
Lazy & Nervous,14
Evening,30
Rainy,22
Tea Time,25
Night,29
Tea Time,24
Tea Time,25
Rainy,21
Normal,3
Morning,27
Evening,30
Lazy & Nervous,38
Night,28
Night,29
Tired & Sleepy,35
Tired & Sleepy,35
Aggressive,19
Tired & Sleepy,8
Travelling Time,32
Normal,33
Tired & Sleepy,7
Night,29
Tea Time,25
Normal,1
Evening,31
Tea Time,24
Aggressive,39
Normal,34
Tired & Sleepy,36
Aggressive,19
Aggressive,16
Aggressive,20
Evening,31
Lazy & Nervous,13
Morning,26
Evening,30
Tea Time,25
Normal,2
Normal,34
Evening,31
Morning,27
Lazy & Nervous,11
Morning,26
Night,29
Aggressive,18
Lazy & Nervous,15
Lazy & Nervous,13
Rainy,23
Rainy,22
Tea Time,24
Tea Time,24
Normal,5
Night,29
Aggressive,19
Morning,27
Normal,34
Night,29
Rainy,22
Normal,4
Aggressive,19
Evening,30
Normal,1
Morning,27
Evening,30
Night,29
Morning,27
Morning,26
Night,28
Normal,3
Normal,33
Tired & Sleepy,9
Tea Time,25
Lazy & Nervous,37
Normal,3
Tired & Sleepy,6
Tea Time,24
Evening,31
Rainy,21
Lazy & Nervous,15
Normal,5
Night,28
Lazy & Nervous,11
Evening,31
Evening,30
Lazy & Nervous,14
Travelling Time,32
Evening,30
Tea Time,25
Lazy & Nervous,13
Morning,26
Morning,26
Rainy,23
Travelling Time,32
Morning,26
Lazy & Nervous,11
Morning,26
Tea Time,24
Morning,27
Normal,3
Travelling Time,32
Night,29
Rainy,23
Rainy,23
Normal,34
Tired & Sleepy,10
Lazy & Nervous,12
Evening,31
Normal,33
Tea Time,25
Normal,34
Lazy & Nervous,13
Morning,26
Evening,31
Travelling Time,32
Night,28
Lazy & Nervous,38
Morning,27
Tea Time,25
Aggressive,17
Lazy & Nervous,38
Tired & Sleepy,10
Tired & Sleepy,8
Morning,27
Morning,27
Tired & Sleepy,10
Morning,26
Tea Time,25
Normal,4
Rainy,23
Travelling Time,32
Tea Time,25
Travelling Time,32
Evening,30
Aggressive,19
Travelling Time,32
Night,28
Tea Time,25
Aggressive,39
Tired & Sleepy,36
Tea Time,25
Evening,30
Tired & Sleepy,35
Rainy,21
Tea Time,25
Morning,26
Travelling Time,32
Tea Time,24
Tired & Sleepy,9
Morning,26
Tired & Sleepy,10
Aggressive,39
Lazy & Nervous,37
Morning,27
Travelling Time,32
Tea Time,25
Lazy & Nervous,11
Normal,33
Tired & Sleepy,10
Aggressive,17
Normal,2
Travelling Time,32
Rainy,21
Normal,34
Normal,5
Rainy,21
Tired & Sleepy,8
Normal,33
Night,29
Evening,30
Lazy & Nervous,37
Evening,30
Night,28
Travelling Time,32
Evening,30
Lazy & Nervous,15
Normal,5
Tired & Sleepy,10
Tea Time,24
Travelling Time,32
Morning,26
Lazy & Nervous,38
Normal,1
Rainy,22
Morning,27
Travelling Time,32
Aggressive,16
Evening,30
Rainy,21
Normal,2
Travelling Time,32
Lazy & Nervous,13
Aggressive,19
Normal,3
Aggressive,16
Morning,26
Tea Time,25
Evening,30
Tired & Sleepy,8
Night,28
Tea Time,25
Tired & Sleepy,36
Night,29
Night,29
Tired & Sleepy,8
Travelling Time,32
Lazy & Nervous,12
Tired & Sleepy,6
Tea Time,24
Travelling Time,32
Tea Time,24
Lazy & Nervous,37
Morning,26
Travelling Time,32
Tired & Sleepy,8
Travelling Time,32
Morning,27
Travelling Time,32
Lazy & Nervous,38
Aggressive,18
Aggressive,40
Travelling Time,32
Travelling Time,32
Tea Time,25
Evening,30
Evening,31
Travelling Time,32
Tea Time,24
Night,29
Normal,34
Evening,31
Tea Time,25
Night,29
Rainy,22
Night,28
Tired & Sleepy,8
Travelling Time,32
Lazy & Nervous,12
Tired & Sleepy,35
Rainy,23
Night,28
Evening,30
Aggressive,17
Rainy,21
Lazy & Nervous,13
Aggressive,18
Evening,30
Rainy,21
Aggressive,19
Lazy & Nervous,37
Tired & Sleepy,36
Morning,26
Tired & Sleepy,10
Lazy & Nervous,37
Tea Time,24
Rainy,22
Evening,30
Tired & Sleepy,36
Lazy & Nervous,14
Rainy,21
Normal,33
Evening,30
Travelling Time,32
Aggressive,19
Tea Time,25
Night,29
Lazy & Nervous,37
Travelling Time,32
Morning,27
Normal,34
Tea Time,25
Tea Time,25
Rainy,22
Evening,30
Tea Time,25
Tea Time,25
Travelling Time,32
Lazy & Nervous,11
Evening,30
Rainy,23
Aggressive,19
Evening,31
Night,29
Tea Time,24
Rainy,23
Aggressive,16
Lazy & Nervous,14
Rainy,22
Lazy & Nervous,14
Travelling Time,32
Rainy,22
Morning,27
Night,28
Evening,31
Night,28
Rainy,22
Tea Time,24
Tea Time,24
Tired & Sleepy,7
Aggressive,17
Rainy,22
Tired & Sleepy,6
Travelling Time,32
Tired & Sleepy,10
Lazy & Nervous,15
Travelling Time,32
Night,29
Morning,27
Evening,31
Aggressive,19
Lazy & Nervous,15
Rainy,23
Tea Time,25
Tea Time,25
Normal,3
Morning,27
Normal,34
Night,28
Aggressive,17
Night,28
Morning,27
Travelling Time,32
Travelling Time,32
Tea Time,25
Rainy,21
Normal,2
Tea Time,24
Tired & Sleepy,9
Evening,30
Night,29
Morning,27
Lazy & Nervous,38
Evening,31
Aggressive,20
Travelling Time,32
Night,28
Evening,31
Aggressive,40
Rainy,22
Tired & Sleepy,36
Lazy & Nervous,15
Normal,5
Tea Time,25
Travelling Time,32
Lazy & Nervous,15
Tea Time,25
Travelling Time,32
Morning,27
Rainy,23
Tired & Sleepy,7
Night,28
Aggressive,39
Aggressive,19
Rainy,23
Night,29
Rainy,22
Lazy & Nervous,37
Tired & Sleepy,6
Rainy,21
Lazy & Nervous,38
Tea Time,25
Tea Time,25
Aggressive,20
Tea Time,24
Morning,27
Normal,5
Aggressive,40
Tired & Sleepy,8
Lazy & Nervous,14
Tea Time,25
Tea Time,24
Night,29
Morning,27
Travelling Time,32
Normal,33
Tired & Sleepy,9
Normal,34
Aggressive,18
Normal,5
Rainy,22
